category,article
sports,"The local basketball team managed to secure a victory in the final minutes of the game. The star player scored a three-pointer with just seconds left on the clock, ensuring a 98-95 win for the team. Fans were ecstatic and celebrated the hard-fought victory. The coach praised the team's resilience and determination in overcoming their opponents."
sports,"In a nail-biting soccer match, the underdog team managed to score an equalizer in injury time, taking the game to extra time and eventually winning on penalties. The team's goalkeeper made several key saves during the shootout, earning them a spot in the championship finals. Supporters couldn't be happier with the unexpected win and are eagerly awaiting the final match."
sports,"The local football team suffered a humiliating defeat in the final match of the season. The team was unable to score a single goal and conceded several, losing the match 0-5. The coach was visibly upset and blamed the team's poor performance on the lack of practice and training. The team's supporters were disappointed with the loss and are hoping for a better performance next season."
technology,"The new smartphone has a sleek design and is packed with the latest features. The device has a large screen and a powerful processor, making it ideal for gaming and multimedia. The phone also has a long-lasting battery and a high-resolution camera, making it a great choice for photography enthusiasts. The device will be available in stores next month."
entertainment,"The new movie is a sequel to the popular 2018 film and is set to be released next month. The film stars several popular actors and actresses and is expected to be a box office hit. The movie is based on a popular book and has been adapted for the big screen. The film's director has promised that it will be a thrilling and action-packed adventure."
entertainment,"The new TV series is set to premiere next month and is based on a popular book. The series stars several popular actors and actresses and is expected to be a box office hit. The series is set in the 1960s and follows the lives of several characters as they navigate the turbulent times. The series is expected to be a thrilling and action-packed adventure."
entertainment,"After months of anticipation, the highly-anticipated movie finally hit theaters this weekend. Fans of the book series were not disappointed, as the film stayed true to the source material and featured stunning visuals and captivating performances from the cast. The film is already breaking box office records and is sure to be a hit with audiences worldwide."
entertainment,"The popular band announced their upcoming tour dates today, sending fans into a frenzy. The tour will kick off in New York City and will include stops in major cities across the country. Tickets are expected to sell out quickly, so fans are advised to act fast if they want to catch the band live in concert."
sports,"The home team dominated the game from start to finish, scoring early and often to secure a commanding victory. The star player had a standout performance, scoring two goals and assisting on another. The team's defense was also impressive, shutting down the opposing team's offense and preventing them from scoring a single goal."
sports,"In a nail-biting finish, the visiting team managed to pull off an upset victory over the heavily-favored home team. The game was tied until the final minutes, when the visiting team scored a go-ahead goal to secure the win. Fans of the home team were disappointed, but the visiting team's fans were thrilled with the unexpected result."
entertainment,"The highly-anticipated sequel to the popular movie franchise is set to hit theaters next month. Early reviews have been overwhelmingly positive, with critics praising the film's stunning visuals, gripping storyline, and standout performances from the cast. Fans of the franchise are eagerly awaiting the release and are already predicting it will be a box office smash."
entertainment,"The popular TV show announced that it will be ending its run after the current season. Fans of the show were saddened by the news, but many expressed gratitude for the years of entertainment it provided. The show's creators promised a satisfying conclusion to the series and hinted at a few surprises in store for fans."
sports,"The star player suffered a season-ending injury during last night's game, leaving fans and teammates devastated. The player was a key part of the team's success this season, and his absence will be sorely felt in the coming games. The coach expressed confidence in the team's ability to rally and continue to compete at a high level."
sports,"The local high school team won the state championship in a thrilling overtime victory. The game was a back-and-forth battle, with both teams trading leads throughout regulation. In the end, it was the home team who emerged victorious, thanks to a clutch three-pointer in the final seconds of overtime."
entertainment,"The popular streaming service announced a new series from a beloved director, sending fans into a frenzy. The series will be a dark comedy set in a dystopian future and will feature an all-star cast. Fans are already speculating about what twists and turns the series will take and are eagerly anticipating its release."
entertainment,"The long-awaited album from a popular musician finally dropped last week, and fans are loving it. The album features a mix of upbeat and introspective tracks, showcasing the artist's versatility and growth as a musician. Critics have also praised the album, calling it a standout release in the genre."
technology,"The tech giant announced a new product that promises to revolutionize the way we interact with our devices. The product is a small, wearable device that uses advanced AI to anticipate the user's needs and respond to voice commands. Early reviews have been overwhelmingly positive, with many calling it a game-changer in the tech industry."
technology,"The popular social media platform came under fire for its handling of user data, sparking a public outcry and calls for increased regulation. The platform's CEO issued a statement apologizing for the company's missteps and promising to do better in the future. Many users expressed skepticism about the sincerity of the apology and called for more concrete action to protect their privacy."
technology,"The autonomous vehicle industry hit a major milestone this week, as the first fully self-driving car hit the road for a public test drive. The car, developed by a leading tech company, successfully navigated city streets and highways without any human intervention. Industry experts predict that self-driving cars will become increasingly common in the coming years, revolutionizing the way we travel."

